school_id,year,existence_status,existence_confidence,existence_reasoning,digitized_status,holding_institution,holding_format,access_info,citation_url,last_verified_date,verified_by
63147-08,1926,likely_exists,confirmed,Digitized yearbook volume ('Caduceus') held in SLCL Digital Archives collection 'Beaumont High School Yearbooks'.,digitized,"St. Louis County Library (History & Genealogy Dept., Digital Archives)",PDF scan (digitized bound volume),Digital Archives item page: https://slcl.recollectcms.com/nodes/view/400 (PDF download available on page); physical copy also held in closed stacks per SLCL holdings list,https://slcl.recollectcms.com/nodes/view/400,2026-10-07,pilot-track-b-slcl
63147-08,1927 (Jan.),likely_exists,confirmed,Digitized yearbook volume ('Caduceus') held in SLCL Digital Archives collection 'Beaumont High School Yearbooks'.,digitized,"St. Louis County Library (History & Genealogy Dept., Digital Archives)",PDF scan (digitized bound volume),Digital Archives item page: https://slcl.recollectcms.com/nodes/view/401 (PDF download available on page); physical copy also held in closed stacks per SLCL holdings list,https://slcl.recollectcms.com/nodes/view/401,2026-10-07,pilot-track-b-slcl
63147-08,1927 (June),likely_exists,confirmed,Digitized yearbook volume ('Caduceus') held in SLCL Digital Archives collection 'Beaumont High School Yearbooks'.,digitized,"St. Louis County Library (History & Genealogy Dept., Digital Archives)",PDF scan (digitized bound volume),Digital Archives item page: https://slcl.recollectcms.com/nodes/view/406 (PDF download available on page); physical copy also held in closed stacks per SLCL holdings list,https://slcl.recollectcms.com/nodes/view/406,2026-10-07,pilot-track-b-slcl
63147-08,1928,likely_exists,confirmed,Digitized yearbook volume ('Caduceus') held in SLCL Digital Archives collection 'Beaumont High School Yearbooks'. Physical list describes the 1928 holding as the June issue.,digitized,"St. Louis County Library (History & Genealogy Dept., Digital Archives)",PDF scan (digitized bound volume),Digital Archives item page: https://slcl.recollectcms.com/nodes/view/402 (PDF download available on page); physical copy also held in closed stacks per SLCL holdings list,https://slcl.recollectcms.com/nodes/view/402,2026-10-07,pilot-track-b-slcl
63147-08,1929,likely_exists,confirmed,Digitized yearbook volume ('Caduceus') held in SLCL Digital Archives collection 'Beaumont High School Yearbooks'.,digitized,"St. Louis County Library (History & Genealogy Dept., Digital Archives)",PDF scan (digitized bound volume),Digital Archives item page: https://slcl.recollectcms.com/nodes/view/403 (PDF download available on page),https://slcl.recollectcms.com/nodes/view/403,2026-10-07,pilot-track-b-slcl
63147-08,1934 (Jan.),likely_exists,confirmed,Digitized yearbook volume ('Caduceus') held in SLCL Digital Archives collection 'Beaumont High School Yearbooks'.,digitized,"St. Louis County Library (History & Genealogy Dept., Digital Archives)",PDF scan (digitized bound volume),Digital Archives item page: https://slcl.recollectcms.com/nodes/view/404 (PDF download available on page); physical copy also held in closed stacks per SLCL holdings list,https://slcl.recollectcms.com/nodes/view/404,2026-10-07,pilot-track-b-slcl
63147-08,1934 (June),likely_exists,confirmed,Digitized yearbook volume ('Caduceus') held in SLCL Digital Archives collection 'Beaumont High School Yearbooks'.,digitized,"St. Louis County Library (History & Genealogy Dept., Digital Archives)",PDF scan (digitized bound volume),Digital Archives item page: https://slcl.recollectcms.com/nodes/view/405 (PDF download available on page); physical copy also held in closed stacks per SLCL holdings list,https://slcl.recollectcms.com/nodes/view/405,2026-10-07,pilot-track-b-slcl
63147-08,1935 (Jan.),likely_exists,confirmed,Digitized yearbook volume ('Caduceus') held in SLCL Digital Archives collection 'Beaumont High School Yearbooks'.,digitized,"St. Louis County Library (History & Genealogy Dept., Digital Archives)",PDF scan (digitized bound volume),Digital Archives item page: https://slcl.recollectcms.com/nodes/view/409 (PDF download available on page); physical copy also held in closed stacks per SLCL holdings list,https://slcl.recollectcms.com/nodes/view/409,2026-10-07,pilot-track-b-slcl
63147-08,1935 (June),likely_exists,confirmed,Digitized yearbook volume ('Caduceus') held in SLCL Digital Archives collection 'Beaumont High School Yearbooks'.,digitized,"St. Louis County Library (History & Genealogy Dept., Digital Archives)",PDF scan (digitized bound volume),Digital Archives item page: https://slcl.recollectcms.com/nodes/view/410 (PDF download available on page); physical copy also held in closed stacks per SLCL holdings list,https://slcl.recollectcms.com/nodes/view/410,2026-10-07,pilot-track-b-slcl
63147-08,1936,likely_exists,confirmed,Digitized yearbook volume ('Caduceus') held in SLCL Digital Archives collection 'Beaumont High School Yearbooks'.,digitized,"St. Louis County Library (History & Genealogy Dept., Digital Archives)",PDF scan (digitized bound volume),Digital Archives item page: https://slcl.recollectcms.com/nodes/view/411 (PDF download available on page),https://slcl.recollectcms.com/nodes/view/411,2026-10-07,pilot-track-b-slcl
63147-08,1937,likely_exists,confirmed,Digitized yearbook volume ('Caduceus') held in SLCL Digital Archives collection 'Beaumont High School Yearbooks'. Physical holdings list catalogs the 1937 holding as the June issue.,digitized,"St. Louis County Library (History & Genealogy Dept., Digital Archives)",PDF scan (digitized bound volume),Digital Archives item page: https://slcl.recollectcms.com/nodes/view/412 (PDF download available on page); physical copy also held in closed stacks per SLCL holdings list,https://slcl.recollectcms.com/nodes/view/412,2026-10-07,pilot-track-b-slcl
63147-08,1937 (Jan.),likely_exists,confirmed,Digitized yearbook volume ('Caduceus') held in SLCL Digital Archives collection 'Beaumont High School Yearbooks'.,digitized,"St. Louis County Library (History & Genealogy Dept., Digital Archives)",PDF scan (digitized bound volume),Digital Archives item page: https://slcl.recollectcms.com/nodes/view/9545 (PDF download available on page),https://slcl.recollectcms.com/nodes/view/9545,2026-10-07,pilot-track-b-slcl
63147-08,1938,likely_exists,confirmed,Digitized yearbook volume ('Caduceus') held in SLCL Digital Archives collection 'Beaumont High School Yearbooks'. Physical holdings list catalogs the 1938 holding as the Jan. issue; a separate digitized June 1938 volume also exists.,digitized,"St. Louis County Library (History & Genealogy Dept., Digital Archives)",PDF scan (digitized bound volume),Digital Archives item page: https://slcl.recollectcms.com/nodes/view/413 (PDF download available on page); physical copy also held in closed stacks per SLCL holdings list,https://slcl.recollectcms.com/nodes/view/413,2026-10-07,pilot-track-b-slcl
63147-08,1938 (June),likely_exists,confirmed,Digitized yearbook volume ('Caduceus') held in SLCL Digital Archives collection 'Beaumont High School Yearbooks'.,digitized,"St. Louis County Library (History & Genealogy Dept., Digital Archives)",PDF scan (digitized bound volume),Digital Archives item page: https://slcl.recollectcms.com/nodes/view/9546 (PDF download available on page),https://slcl.recollectcms.com/nodes/view/9546,2026-10-07,pilot-track-b-slcl
63147-08,1942 (Jan.),likely_exists,confirmed,Digitized yearbook volume ('Caduceus') held in SLCL Digital Archives collection 'Beaumont High School Yearbooks'. Physical list shows two 1942 entries ('Caduceus' and 'Caduceus (June)').,digitized,"St. Louis County Library (History & Genealogy Dept., Digital Archives)",PDF scan (digitized bound volume),Digital Archives item page: https://slcl.recollectcms.com/nodes/view/424 (PDF download available on page); physical copy also held in closed stacks per SLCL holdings list,https://slcl.recollectcms.com/nodes/view/424,2026-10-07,pilot-track-b-slcl
63147-08,1942 (June),likely_exists,confirmed,Digitized yearbook volume ('Caduceus') held in SLCL Digital Archives collection 'Beaumont High School Yearbooks'.,digitized,"St. Louis County Library (History & Genealogy Dept., Digital Archives)",PDF scan (digitized bound volume),Digital Archives item page: https://slcl.recollectcms.com/nodes/view/425 (PDF download available on page); physical copy also held in closed stacks per SLCL holdings list,https://slcl.recollectcms.com/nodes/view/425,2026-10-07,pilot-track-b-slcl
63147-08,1943 (Jan.),likely_exists,confirmed,Digitized yearbook volume ('Caduceus') held in SLCL Digital Archives collection 'Beaumont High School Yearbooks'.,digitized,"St. Louis County Library (History & Genealogy Dept., Digital Archives)",PDF scan (digitized bound volume),Digital Archives item page: https://slcl.recollectcms.com/nodes/view/426 (PDF download available on page); physical copy also held in closed stacks per SLCL holdings list,https://slcl.recollectcms.com/nodes/view/426,2026-10-07,pilot-track-b-slcl
63147-08,1943 (June),likely_exists,confirmed,Digitized yearbook volume ('Caduceus') held in SLCL Digital Archives collection 'Beaumont High School Yearbooks'.,digitized,"St. Louis County Library (History & Genealogy Dept., Digital Archives)",PDF scan (digitized bound volume),Digital Archives item page: https://slcl.recollectcms.com/nodes/view/427 (PDF download available on page); physical copy also held in closed stacks per SLCL holdings list,https://slcl.recollectcms.com/nodes/view/427,2026-10-07,pilot-track-b-slcl
63147-08,1944 (Jan.),likely_exists,confirmed,Digitized yearbook volume ('Caduceus') held in SLCL Digital Archives collection 'Beaumont High School Yearbooks'.,digitized,"St. Louis County Library (History & Genealogy Dept., Digital Archives)",PDF scan (digitized bound volume),Digital Archives item page: https://slcl.recollectcms.com/nodes/view/428 (PDF download available on page); physical copy also held in closed stacks per SLCL holdings list,https://slcl.recollectcms.com/nodes/view/428,2026-10-07,pilot-track-b-slcl
63147-08,1944 (June),likely_exists,confirmed,Digitized yearbook volume ('Caduceus') held in SLCL Digital Archives collection 'Beaumont High School Yearbooks'.,digitized,"St. Louis County Library (History & Genealogy Dept., Digital Archives)",PDF scan (digitized bound volume),Digital Archives item page: https://slcl.recollectcms.com/nodes/view/429 (PDF download available on page); physical copy also held in closed stacks per SLCL holdings list,https://slcl.recollectcms.com/nodes/view/429,2026-10-07,pilot-track-b-slcl
63147-08,1945 (Jan.),likely_exists,confirmed,Digitized yearbook volume ('Caduceus') held in SLCL Digital Archives collection 'Beaumont High School Yearbooks'.,digitized,"St. Louis County Library (History & Genealogy Dept., Digital Archives)",PDF scan (digitized bound volume),Digital Archives item page: https://slcl.recollectcms.com/nodes/view/430 (PDF download available on page); physical copy also held in closed stacks per SLCL holdings list,https://slcl.recollectcms.com/nodes/view/430,2026-10-07,pilot-track-b-slcl
63147-08,1945 (June),likely_exists,confirmed,Digitized yearbook volume ('Caduceus') held in SLCL Digital Archives collection 'Beaumont High School Yearbooks'.,digitized,"St. Louis County Library (History & Genealogy Dept., Digital Archives)",PDF scan (digitized bound volume),Digital Archives item page: https://slcl.recollectcms.com/nodes/view/431 (PDF download available on page); physical copy also held in closed stacks per SLCL holdings list,https://slcl.recollectcms.com/nodes/view/431,2026-10-07,pilot-track-b-slcl
63147-08,1949,likely_exists,confirmed,Digitized yearbook volume ('Caduceus') held in SLCL Digital Archives collection 'Beaumont High School Yearbooks'.,digitized,"St. Louis County Library (History & Genealogy Dept., Digital Archives)",PDF scan (digitized bound volume),Digital Archives item page: https://slcl.recollectcms.com/nodes/view/9547 (PDF download available on page),https://slcl.recollectcms.com/nodes/view/9547,2026-10-07,pilot-track-b-slcl
63147-08,1952,likely_exists,confirmed,Digitized yearbook volume ('Caduceus') held in SLCL Digital Archives collection 'Beaumont High School Yearbooks'.,digitized,"St. Louis County Library (History & Genealogy Dept., Digital Archives)",PDF scan (digitized bound volume),Digital Archives item page: https://slcl.recollectcms.com/nodes/view/432 (PDF download available on page); physical copy also held in closed stacks per SLCL holdings list,https://slcl.recollectcms.com/nodes/view/432,2026-10-07,pilot-track-b-slcl
63147-08,1953,likely_exists,confirmed,Yearbook volume ('Caduceus') listed in SLCL History & Genealogy physical holdings list (updated August 2015).,physical_only,"St. Louis County Library (History & Genealogy Dept., closed stacks)",Bound physical volume,"Held in closed stacks at SLCL Headquarters (1640 S. Lindbergh Blvd., St. Louis, MO 63131); must speak to a History & Genealogy librarian to view.",https://www.slcl.org/yearbooks-and-alumni-publications,2026-10-07,pilot-track-b-slcl
63147-08,1954,likely_exists,confirmed,Yearbook volume ('Caduceus') listed in SLCL History & Genealogy physical holdings list (updated August 2015).,physical_only,"St. Louis County Library (History & Genealogy Dept., closed stacks)",Bound physical volume,"Held in closed stacks at SLCL Headquarters (1640 S. Lindbergh Blvd., St. Louis, MO 63131); must speak to a History & Genealogy librarian to view.",https://www.slcl.org/yearbooks-and-alumni-publications,2026-10-07,pilot-track-b-slcl
63147-08,1955,likely_exists,confirmed,Yearbook volume ('Caduceus') listed in SLCL History & Genealogy physical holdings list (updated August 2015).,physical_only,"St. Louis County Library (History & Genealogy Dept., closed stacks)",Bound physical volume,"Held in closed stacks at SLCL Headquarters (1640 S. Lindbergh Blvd., St. Louis, MO 63131); must speak to a History & Genealogy librarian to view.",https://www.slcl.org/yearbooks-and-alumni-publications,2026-10-07,pilot-track-b-slcl
63147-08,1958,likely_exists,confirmed,Yearbook volume ('Caduceus') listed in SLCL History & Genealogy physical holdings list (updated August 2015).,physical_only,"St. Louis County Library (History & Genealogy Dept., closed stacks)",Bound physical volume,"Held in closed stacks at SLCL Headquarters (1640 S. Lindbergh Blvd., St. Louis, MO 63131); must speak to a History & Genealogy librarian to view.",https://www.slcl.org/yearbooks-and-alumni-publications,2026-10-07,pilot-track-b-slcl
63147-08,1959,likely_exists,confirmed,Yearbook volume ('Caduceus') listed in SLCL History & Genealogy physical holdings list (updated August 2015).,physical_only,"St. Louis County Library (History & Genealogy Dept., closed stacks)",Bound physical volume,"Held in closed stacks at SLCL Headquarters (1640 S. Lindbergh Blvd., St. Louis, MO 63131); must speak to a History & Genealogy librarian to view.",https://www.slcl.org/yearbooks-and-alumni-publications,2026-10-07,pilot-track-b-slcl
63147-08,1960,likely_exists,confirmed,Yearbook volume ('Caduceus') listed in SLCL History & Genealogy physical holdings list (updated August 2015).,physical_only,"St. Louis County Library (History & Genealogy Dept., closed stacks)",Bound physical volume,"Held in closed stacks at SLCL Headquarters (1640 S. Lindbergh Blvd., St. Louis, MO 63131); must speak to a History & Genealogy librarian to view.",https://www.slcl.org/yearbooks-and-alumni-publications,2026-10-07,pilot-track-b-slcl
63147-08,1961,likely_exists,confirmed,Yearbook volume ('Caduceus') listed in SLCL History & Genealogy physical holdings list (updated August 2015).,physical_only,"St. Louis County Library (History & Genealogy Dept., closed stacks)",Bound physical volume,"Held in closed stacks at SLCL Headquarters (1640 S. Lindbergh Blvd., St. Louis, MO 63131); must speak to a History & Genealogy librarian to view.",https://www.slcl.org/yearbooks-and-alumni-publications,2026-10-07,pilot-track-b-slcl
63147-08,1962,likely_exists,confirmed,Yearbook volume ('Caduceus') listed in SLCL History & Genealogy physical holdings list (updated August 2015).,physical_only,"St. Louis County Library (History & Genealogy Dept., closed stacks)",Bound physical volume,"Held in closed stacks at SLCL Headquarters (1640 S. Lindbergh Blvd., St. Louis, MO 63131); must speak to a History & Genealogy librarian to view.",https://www.slcl.org/yearbooks-and-alumni-publications,2026-10-07,pilot-track-b-slcl
63147-08,1963,likely_exists,confirmed,Yearbook volume ('Caduceus') listed in SLCL History & Genealogy physical holdings list (updated August 2015).,physical_only,"St. Louis County Library (History & Genealogy Dept., closed stacks)",Bound physical volume,"Held in closed stacks at SLCL Headquarters (1640 S. Lindbergh Blvd., St. Louis, MO 63131); must speak to a History & Genealogy librarian to view.",https://www.slcl.org/yearbooks-and-alumni-publications,2026-10-07,pilot-track-b-slcl
63147-08,1964,likely_exists,confirmed,Yearbook volume ('Caduceus') listed in SLCL History & Genealogy physical holdings list (updated August 2015).,physical_only,"St. Louis County Library (History & Genealogy Dept., closed stacks)",Bound physical volume,"Held in closed stacks at SLCL Headquarters (1640 S. Lindbergh Blvd., St. Louis, MO 63131); must speak to a History & Genealogy librarian to view.",https://www.slcl.org/yearbooks-and-alumni-publications,2026-10-07,pilot-track-b-slcl
63147-10,1967,likely_exists,confirmed,Digitized yearbook volume ('Echoes') held in SLCL Digital Archives collection 'Riverview Gardens Senior High School Yearbooks'.,digitized,"St. Louis County Library (History & Genealogy Dept., Digital Archives)",PDF scan (digitized bound volume),Digital Archives item page: https://slcl.recollectcms.com/nodes/view/3350 (PDF download available on page),https://slcl.recollectcms.com/nodes/view/3350,2026-10-07,pilot-track-b-slcl
63147-10,1968,likely_exists,confirmed,Digitized yearbook volume ('Echoes') held in SLCL Digital Archives collection 'Riverview Gardens Senior High School Yearbooks'.,digitized,"St. Louis County Library (History & Genealogy Dept., Digital Archives)",PDF scan (digitized bound volume),Digital Archives item page: https://slcl.recollectcms.com/nodes/view/1568 (PDF download available on page); physical copy also held in closed stacks per SLCL holdings list,https://slcl.recollectcms.com/nodes/view/1568,2026-10-07,pilot-track-b-slcl
63147-10,1969,likely_exists,confirmed,Digitized yearbook volume ('Echoes') held in SLCL Digital Archives collection 'Riverview Gardens Senior High School Yearbooks'.,digitized,"St. Louis County Library (History & Genealogy Dept., Digital Archives)",PDF scan (digitized bound volume),Digital Archives item page: https://slcl.recollectcms.com/nodes/view/1569 (PDF download available on page); physical copy also held in closed stacks per SLCL holdings list,https://slcl.recollectcms.com/nodes/view/1569,2026-10-07,pilot-track-b-slcl
63147-10,1970,likely_exists,confirmed,Digitized yearbook volume ('Echoes') held in SLCL Digital Archives collection 'Riverview Gardens Senior High School Yearbooks'.,digitized,"St. Louis County Library (History & Genealogy Dept., Digital Archives)",PDF scan (digitized bound volume),Digital Archives item page: https://slcl.recollectcms.com/nodes/view/1570 (PDF download available on page),https://slcl.recollectcms.com/nodes/view/1570,2026-10-07,pilot-track-b-slcl
63147-10,1971,likely_exists,confirmed,Digitized yearbook volume ('Echoes') held in SLCL Digital Archives collection 'Riverview Gardens Senior High School Yearbooks'.,digitized,"St. Louis County Library (History & Genealogy Dept., Digital Archives)",PDF scan (digitized bound volume),Digital Archives item page: https://slcl.recollectcms.com/nodes/view/1571 (PDF download available on page),https://slcl.recollectcms.com/nodes/view/1571,2026-10-07,pilot-track-b-slcl
63147-10,1972,likely_exists,confirmed,Digitized yearbook volume ('Echoes') held in SLCL Digital Archives collection 'Riverview Gardens Senior High School Yearbooks'.,digitized,"St. Louis County Library (History & Genealogy Dept., Digital Archives)",PDF scan (digitized bound volume),Digital Archives item page: https://slcl.recollectcms.com/nodes/view/1572 (PDF download available on page); physical copy also held in closed stacks per SLCL holdings list,https://slcl.recollectcms.com/nodes/view/1572,2026-10-07,pilot-track-b-slcl
63147-10,1973,likely_exists,confirmed,Digitized yearbook volume ('Echoes') held in SLCL Digital Archives collection 'Riverview Gardens Senior High School Yearbooks'.,digitized,"St. Louis County Library (History & Genealogy Dept., Digital Archives)",PDF scan (digitized bound volume),Digital Archives item page: https://slcl.recollectcms.com/nodes/view/9608 (PDF download available on page),https://slcl.recollectcms.com/nodes/view/9608,2026-10-07,pilot-track-b-slcl
63147-10,1974,likely_exists,confirmed,Digitized yearbook volume ('Echoes') held in SLCL Digital Archives collection 'Riverview Gardens Senior High School Yearbooks'.,digitized,"St. Louis County Library (History & Genealogy Dept., Digital Archives)",PDF scan (digitized bound volume),Digital Archives item page: https://slcl.recollectcms.com/nodes/view/1561 (PDF download available on page); physical copy also held in closed stacks per SLCL holdings list,https://slcl.recollectcms.com/nodes/view/1561,2026-10-07,pilot-track-b-slcl
63147-10,1975,likely_exists,confirmed,Digitized yearbook volume ('Echoes') held in SLCL Digital Archives collection 'Riverview Gardens Senior High School Yearbooks'.,digitized,"St. Louis County Library (History & Genealogy Dept., Digital Archives)",PDF scan (digitized bound volume),Digital Archives item page: https://slcl.recollectcms.com/nodes/view/1560 (PDF download available on page); physical copy also held in closed stacks per SLCL holdings list,https://slcl.recollectcms.com/nodes/view/1560,2026-10-07,pilot-track-b-slcl
63147-10,1977,likely_exists,confirmed,Digitized yearbook volume ('Echoes') held in SLCL Digital Archives collection 'Riverview Gardens Senior High School Yearbooks'.,digitized,"St. Louis County Library (History & Genealogy Dept., Digital Archives)",PDF scan (digitized bound volume),Digital Archives item page: https://slcl.recollectcms.com/nodes/view/9609 (PDF download available on page); physical copy also held in closed stacks per SLCL holdings list,https://slcl.recollectcms.com/nodes/view/9609,2026-10-07,pilot-track-b-slcl
63147-10,1978,likely_exists,confirmed,Digitized yearbook volume ('Echoes') held in SLCL Digital Archives collection 'Riverview Gardens Senior High School Yearbooks'.,digitized,"St. Louis County Library (History & Genealogy Dept., Digital Archives)",PDF scan (digitized bound volume),Digital Archives item page: https://slcl.recollectcms.com/nodes/view/1562 (PDF download available on page); physical copy also held in closed stacks per SLCL holdings list,https://slcl.recollectcms.com/nodes/view/1562,2026-10-07,pilot-track-b-slcl
63147-10,1979,likely_exists,confirmed,Digitized yearbook volume ('Echoes') held in SLCL Digital Archives collection 'Riverview Gardens Senior High School Yearbooks'.,digitized,"St. Louis County Library (History & Genealogy Dept., Digital Archives)",PDF scan (digitized bound volume),Digital Archives item page: https://slcl.recollectcms.com/nodes/view/9610 (PDF download available on page),https://slcl.recollectcms.com/nodes/view/9610,2026-10-07,pilot-track-b-slcl
63147-10,1980,likely_exists,confirmed,Digitized yearbook volume ('Echoes') held in SLCL Digital Archives collection 'Riverview Gardens Senior High School Yearbooks'.,digitized,"St. Louis County Library (History & Genealogy Dept., Digital Archives)",PDF scan (digitized bound volume),Digital Archives item page: https://slcl.recollectcms.com/nodes/view/1563 (PDF download available on page); physical copy also held in closed stacks per SLCL holdings list,https://slcl.recollectcms.com/nodes/view/1563,2026-10-07,pilot-track-b-slcl
63147-10,1981,likely_exists,confirmed,Digitized yearbook volume ('Echoes') held in SLCL Digital Archives collection 'Riverview Gardens Senior High School Yearbooks'.,digitized,"St. Louis County Library (History & Genealogy Dept., Digital Archives)",PDF scan (digitized bound volume),Digital Archives item page: https://slcl.recollectcms.com/nodes/view/1564 (PDF download available on page); physical copy also held in closed stacks per SLCL holdings list,https://slcl.recollectcms.com/nodes/view/1564,2026-10-07,pilot-track-b-slcl
63147-10,1985,likely_exists,confirmed,Digitized yearbook volume ('Echoes') held in SLCL Digital Archives collection 'Riverview Gardens Senior High School Yearbooks'.,digitized,"St. Louis County Library (History & Genealogy Dept., Digital Archives)",PDF scan (digitized bound volume),Digital Archives item page: https://slcl.recollectcms.com/nodes/view/1565 (PDF download available on page); physical copy also held in closed stacks per SLCL holdings list,https://slcl.recollectcms.com/nodes/view/1565,2026-10-07,pilot-track-b-slcl
63147-10,1988,likely_exists,confirmed,Digitized yearbook volume ('Echoes') held in SLCL Digital Archives collection 'Riverview Gardens Senior High School Yearbooks'.,digitized,"St. Louis County Library (History & Genealogy Dept., Digital Archives)",PDF scan (digitized bound volume),Digital Archives item page: https://slcl.recollectcms.com/nodes/view/1566 (PDF download available on page); physical copy also held in closed stacks per SLCL holdings list,https://slcl.recollectcms.com/nodes/view/1566,2026-10-07,pilot-track-b-slcl
63147-10,1992,likely_exists,confirmed,Digitized yearbook volume ('Echoes') held in SLCL Digital Archives collection 'Riverview Gardens Senior High School Yearbooks'.,digitized,"St. Louis County Library (History & Genealogy Dept., Digital Archives)",PDF scan (digitized bound volume),Digital Archives item page: https://slcl.recollectcms.com/nodes/view/1567 (PDF download available on page); physical copy also held in closed stacks per SLCL holdings list,https://slcl.recollectcms.com/nodes/view/1567,2026-10-07,pilot-track-b-slcl
63147-01,all,unknown,unknown,"Elementary school (SLPS, closed 2010); elementary-level yearbooks are uncommon and none are cataloged for this school in either SLCL source.",not_found,none_found,none,"Searched 'Baden Elementary School', 'Baden School', 'Baden Elementary', 'Baden' against the SLCL Digital Archives St. Louis Yearbooks index and the History & Genealogy physical holdings list. No matching holdings found.",https://slcl.recollectcms.com/pages/yearbooks ; https://www.slcl.org/yearbooks-and-alumni-publications,2026-10-07,pilot-track-b-slcl
63147-02,all,unknown,unknown,Elementary school opened 2002; no yearbooks cataloged under any Nance name variant in either SLCL source.,not_found,none_found,none,"Searched 'Earl Nance Sr. Elementary School', 'Earl Nance School', 'Nance Elementary', 'Nance' against the SLCL Digital Archives St. Louis Yearbooks index and the History & Genealogy physical holdings list. No matching holdings found.",https://slcl.recollectcms.com/pages/yearbooks ; https://www.slcl.org/yearbooks-and-alumni-publications,2026-10-07,pilot-track-b-slcl
63147-03,all,unknown,unknown,Elementary school; no yearbooks cataloged under 'Herzog' or 'Herzog Academy' in either SLCL source.,not_found,none_found,none,"Searched 'Herzog Elementary School', 'Herzog School', 'Herzog Academy', 'Herzog' against the SLCL Digital Archives St. Louis Yearbooks index and the History & Genealogy physical holdings list. No matching holdings found.",https://slcl.recollectcms.com/pages/yearbooks ; https://www.slcl.org/yearbooks-and-alumni-publications,2026-10-07,pilot-track-b-slcl
63147-04,all,unknown,unknown,"Private Lutheran elementary/middle school; no yearbooks under 'River Roads Lutheran' in either SLCL source. NOTE: SLCL holds 'Lutheran High School' (St. Louis city) and 'Lutheran High School South' (Affton) collections - different schools, not this one.",not_found,none_found,none,"Searched 'River Roads Lutheran School', 'River Roads Lutheran', 'Lutheran' (results checked for match) against the SLCL Digital Archives St. Louis Yearbooks index and the History & Genealogy physical holdings list. No matching holdings found.",https://slcl.recollectcms.com/pages/yearbooks ; https://www.slcl.org/yearbooks-and-alumni-publications,2026-10-07,pilot-track-b-slcl
63147-05,all,unknown,unknown,Historical district-level entity; no yearbooks cataloged under 'Baden School District' or 'Baden' in either SLCL source.,not_found,none_found,none,"Searched 'Baden School District', 'Baden' against the SLCL Digital Archives St. Louis Yearbooks index and the History & Genealogy physical holdings list. No matching holdings found.",https://slcl.recollectcms.com/pages/yearbooks ; https://www.slcl.org/yearbooks-and-alumni-publications,2026-10-07,pilot-track-b-slcl
63147-06,all,unknown,unknown,Historical predecessor entity; no yearbooks cataloged under 'Baden Public School' or 'Baden' in either SLCL source.,not_found,none_found,none,"Searched 'Baden Public School', 'Baden' against the SLCL Digital Archives St. Louis Yearbooks index and the History & Genealogy physical holdings list. No matching holdings found.",https://slcl.recollectcms.com/pages/yearbooks ; https://www.slcl.org/yearbooks-and-alumni-publications,2026-10-07,pilot-track-b-slcl
63147-07,all,unknown,unknown,Unconfirmed school identity (seed marks it a 'lead'); no yearbooks cataloged under 'Baden High School' or 'Baden Secondary School' in either SLCL source.,not_found,none_found,none,"Searched 'Baden High School', 'Baden Secondary School', 'Baden' against the SLCL Digital Archives St. Louis Yearbooks index and the History & Genealogy physical holdings list. No matching holdings found.",https://slcl.recollectcms.com/pages/yearbooks ; https://www.slcl.org/yearbooks-and-alumni-publications,2026-10-07,pilot-track-b-slcl
63147-09,all,unknown,unknown,"No yearbooks cataloged under 'North High School' for St. Louis city in either SLCL source. NOTE: similarly-named collections exist (North Side Catholic HS, North County Technical School, McCluer North HS, Parkway North HS) but none match this SLPS 'North High School' identity.",not_found,none_found,none,"Searched 'North High School', 'North St. Louis' against the SLCL Digital Archives St. Louis Yearbooks index and the History & Genealogy physical holdings list. No matching holdings found.",https://slcl.recollectcms.com/pages/yearbooks ; https://www.slcl.org/yearbooks-and-alumni-publications,2026-10-07,pilot-track-b-slcl
63147-11,all,unknown,unknown,Community college; no yearbooks under 'Florissant Valley' in either SLCL source. NOTE: physical holdings list has St. Louis Community College entries for Forest Park ('Highlander' 1970-71) and Meramec ('MCC' 1971-72) campuses only - Florissant Valley absent.,not_found,none_found,none,"Searched 'St. Louis Community College - Florissant Valley', 'Florissant Valley Community College', 'Florissant' against the SLCL Digital Archives St. Louis Yearbooks index and the History & Genealogy physical holdings list. No matching holdings found.",https://slcl.recollectcms.com/pages/yearbooks ; https://www.slcl.org/yearbooks-and-alumni-publications,2026-10-07,pilot-track-b-slcl
63147-12,all,unknown,unknown,University; no UMSL publications in SLCL yearbook holdings. NOTE: physical list holds University of Missouri-Columbia 'Savitar' volumes and UMR alumni directory but nothing for UMSL.,not_found,none_found,none,"Searched 'University of Missouri-St. Louis', 'UMSL', 'University of Missouri' (results checked for match) against the SLCL Digital Archives St. Louis Yearbooks index and the History & Genealogy physical holdings list. No matching holdings found.",https://slcl.recollectcms.com/pages/yearbooks ; https://www.slcl.org/yearbooks-and-alumni-publications,2026-10-07,pilot-track-b-slcl
