pilot_row_id,ZIP,School Name,Historical/Former Name,District/Operator,School Type,Opened,Closed,Length,Historical Address,Current Address,ZIP Inclusion,Location Confidence,Status,Yearbook Priority,Notes
63147-01,63147,Baden Elementary School,Baden School; Baden Elementary,St. Louis Public Schools,Public Elementary,Unknown,2010,#VALUE!,5814 Thekla Avenue,5814 Thekla Ave St Louis MO 63147,Address,Confirmed,Closed,Very High,Closed in 2010. Major historical school for Baden neighborhood.
63147-02,63147,Earl Nance Sr. Elementary School,Earl Nance School; Nance Elementary,St. Louis Public Schools,Public Elementary,2002,,24,8959 Riverview Boulevard,8959 Riverview Blvd St Louis MO 63147,Address,Confirmed,Current,High,One of district's newer facilities; current school opened in 2002. Not a likely 1940s yearbook source but retain for modern records.
63147-03,63147,Herzog Elementary School,Herzog School; Herzog Academy,St. Louis Public Schools,Public Elementary,Unknown,,#VALUE!,5831 Pamplin Place,5831 Pamplin Pl St Louis MO 63147,Address,Confirmed,Current,Very High,Current SLPS school in ZIP. Historical opening date needs district-building research.
63147-04,63147,River Roads Lutheran School,River Roads Lutheran,Private Lutheran,Private Elementary/Middle,Unknown,,#VALUE!,8623 Church Road,8623 Church Rd St Louis MO 63147,Address,Confirmed,Current,Very High,Current private school. LCMS accreditation records establish it as an established Lutheran school; search church/school archives for founding date.
63147-05,63147,Baden School District,Baden School District,Baden local district,Public School District,Unknown,Unknown,#VALUE!,Baden,St Louis MO 63147,Community,Probable,Historical,Very High,Retain as district-level search term because historical Baden schools may appear under district rather than SLPS.
63147-06,63147,Baden Public School,Baden Public School,Baden local district,Public Elementary,Unknown,Unknown,#VALUE!,Baden,St Louis MO 63147,Community,Probable,Historical,Very High,"Generic predecessor identity; investigate through city directories, Sanborn maps and SLPS records."
63147-07,63147,Baden High School,Baden High School / Baden Secondary School,St. Louis Public Schools,Public High School,Unknown,Unknown,#VALUE!,Baden,St Louis MO 63147,Served ZIP/community,Lead,Historical,Very High,Do not treat as confirmed yet; retained because Baden-area residents may have attended North St Louis high schools and archival references may use Baden as a school name.
63147-08,63147,Beaumont High School,Beaumont High School,St. Louis Public Schools,Public High School,1926,2014,88,3836 Natural Bridge Avenue,3836 Natural Bridge Ave St Louis MO 63107,Served ZIP/community,Borderline,Closed,Very High,Important North St Louis high school; Baden residents historically could attend depending on attendance boundaries.
63147-09,63147,North High School,North High School,St. Louis Public Schools,Public High School,1900s,,#VALUE!,North St Louis,St Louis MO,Served ZIP/community,Borderline,Current/Successor,Very High,Important North City high-school identity; include because Baden residents' secondary-school boundaries changed repeatedly.
63147-10,63147,Riverview Gardens High School,Riverview Gardens Senior High School,Riverview Gardens School District,Public High School,1950s,,#VALUE!,1218 Shepley Drive,1218 Shepley Dr St Louis MO 63137,Served ZIP/community,Borderline,Current/Successor,High,Across city/county boundary; retain for North County/North City residents near Riverview.
63147-11,63147,St. Louis Community College - Florissant Valley,Florissant Valley Community College,St. Louis Community College,Community College,1965,,61,3400 Pershall Road,3400 Pershall Rd St Louis MO 63135,Served ZIP/community,Borderline,Current,High,Regional postsecondary source for later residency records.
63147-12,63147,University of Missouri-St. Louis,UMSL,University of Missouri System,Public University,1963,,63,1 University Boulevard,1 University Blvd St Louis MO 63121,Served ZIP/community,Borderline,Current,High,Regional college; include in later college inventory.
